Workbook

Sheet Raw_Data
A1: Tanggal | B1: Gudang | C1: Produk | D1: Stok_Awal | E1: Stok_Masuk | F1: Stok_Keluar | G1: Lead_Time_Hari
A2: 45292 | B2: Depot Lampung | C2: Pertalite | D2: 12270 | E2: 4507 | F2: 2860 | G2: 3
A3: 45292 | B3: Depot Lampung | C3: Pertamax | D3: 10191 | E3: 4772 | F3: 5092 | G3: 3
A4: 45292 | B4: Depot Lampung | C4: Solar | D4: 11265 | E4: 1466 | F4: 3238 | G4: 3
A5: 45292 | B5: Depot Palembang | C5: Pertalite | D5: 10578 | E5: 3135 | F5: 5444 | G5: 4
A6: 45292 | B6: Depot Palembang | C6: Pertamax | D6: 13322 | E6: 2685 | F6: 5380 | G6: 2
A7: 45292 | B7: Depot Palembang | C7: Solar | D7: 11949 | E7: 3433 | F7: 3215 | G7: 4
A8: 45293 | B8: Depot Lampung | C8: Pertalite | D8: 11420 | E8: 2184 | F8: 2459 | G8: 2
A9: 45293 | B9: Depot Lampung | C9: Pertamax | D9: 11396 | E9: 1747 | F9: 4904 | G9: 1
A10: 45293 | B10: Depot Lampung | C10: Solar | D10: 13666 | E10: 2082 | F10: 4558 | G10: 2
A11: 45293 | B11: Depot Palembang | C11: Pertalite | D11: 7047 | E11: 4547 | F11: 4747 | G11: 4
A12: 45293 | B12: Depot Palembang | C12: Pertamax | D12: 14998 | E12: 1189 | F12: 5005 | G12: 3
A13: 45293 | B13: Depot Palembang | C13: Solar | D13: 8005 | E13: 1562 | F13: 3899 | G13: 3
... A1093: 45473 | B1093: Depot Palembang | C1093: Solar | D1093: 10242 | E1093: 1357 | F1093: 3551 | G1093: 2

Sheet Inventory_Calc
A1: Tanggal | B1: Gudang | C1: Produk | D1: Stok_Awal | E1: Stok_Masuk | F1: Stok_Keluar | G1: Lead_Time_Hari | H1: Stok_Akhir | I1: Rata2_Penjualan | J1: Days_of_Inventory | K1: Stock_Status
A2: 45292 | B2: Depot Lampung | C2: Pertalite | D2: 12270 | E2: 4507 | F2: 2860 | G2: 3 | H2: =tbl_inventory[[#This Row],[Stok_Awal]] + tbl_inventory[[#This Row],[Stok_Masuk]] -tbl_inventory[[#This Row],[Stok_Keluar]] -> 13917 | I2: =AVERAGEIFS(Raw_Data!F:F, Raw_Data!C:C, tbl_inventory[[#This Row],[Produk]]) -> 4006.4231 | J2: =tbl_inventory[[#This Row],[Stok_Akhir]] / tbl_inventory[[#This Row],[Rata2_Penjualan ]] -> 3.4736721 | K2: =IF(tbl_inventory[[#This Row],[Days_of_Inventory]] < 3, "Critical", IF(tbl_inventory[[#This Row],[Days_of_Inventory]] < 7, "Warning", "Safe")) -> Warning | M2: =tbl_inventory[[#This Row],[Stok_Awal]]+tbl_inventory[[#This Row],[Stok_Masuk]]-tbl_inventory[[#This Row],[Stok_Keluar]] -> 13917
A3: 45292 | B3: Depot Lampung | C3: Pertamax | D3: 10191 | E3: 4772 | F3: 5092 | G3: 3 | H3: =tbl_inventory[[#This Row],[Stok_Awal]] + tbl_inventory[[#This Row],[Stok_Masuk]] -tbl_inventory[[#This Row],[Stok_Keluar]] -> 9871 | I3: =AVERAGEIFS(Raw_Data!F:F, Raw_Data!C:C, tbl_inventory[[#This Row],[Produk]]) -> 3923.8599 | J3: =tbl_inventory[[#This Row],[Stok_Akhir]] / tbl_inventory[[#This Row],[Rata2_Penjualan ]] -> 2.5156352 | K3: =IF(tbl_inventory[[#This Row],[Days_of_Inventory]] < 3, "Critical", IF(tbl_inventory[[#This Row],[Days_of_Inventory]] < 7, "Warning", "Safe")) -> Critical
A4: 45292 | B4: Depot Lampung | C4: Solar | D4: 11265 | E4: 1466 | F4: 3238 | G4: 3 | H4: =tbl_inventory[[#This Row],[Stok_Awal]] + tbl_inventory[[#This Row],[Stok_Masuk]] -tbl_inventory[[#This Row],[Stok_Keluar]] -> 9493 | I4: =AVERAGEIFS(Raw_Data!F:F, Raw_Data!C:C, tbl_inventory[[#This Row],[Produk]]) -> 4022.6456 | J4: =tbl_inventory[[#This Row],[Stok_Akhir]] / tbl_inventory[[#This Row],[Rata2_Penjualan ]] -> 2.3598897 | K4: =IF(tbl_inventory[[#This Row],[Days_of_Inventory]] < 3, "Critical", IF(tbl_inventory[[#This Row],[Days_of_Inventory]] < 7, "Warning", "Safe")) -> Critical
A5: 45292 | B5: Depot Palembang | C5: Pertalite | D5: 10578 | E5: 3135 | F5: 5444 | G5: 4 | H5: =tbl_inventory[[#This Row],[Stok_Awal]] + tbl_inventory[[#This Row],[Stok_Masuk]] -tbl_inventory[[#This Row],[Stok_Keluar]] -> 8269 | I5: =AVERAGEIFS(Raw_Data!F:F, Raw_Data!C:C, tbl_inventory[[#This Row],[Produk]]) -> 4006.4231 | J5: =tbl_inventory[[#This Row],[Stok_Akhir]] / tbl_inventory[[#This Row],[Rata2_Penjualan ]] -> 2.0639358 | K5: =IF(tbl_inventory[[#This Row],[Days_of_Inventory]] < 3, "Critical", IF(tbl_inventory[[#This Row],[Days_of_Inventory]] < 7, "Warning", "Safe")) -> Critical
A6: 45292 | B6: Depot Palembang | C6: Pertamax | D6: 13322 | E6: 2685 | F6: 5380 | G6: 2 | H6: =tbl_inventory[[#This Row],[Stok_Awal]] + tbl_inventory[[#This Row],[Stok_Masuk]] -tbl_inventory[[#This Row],[Stok_Keluar]] -> 10627 | I6: =AVERAGEIFS(Raw_Data!F:F, Raw_Data!C:C, tbl_inventory[[#This Row],[Produk]]) -> 3923.8599 | J6: =tbl_inventory[[#This Row],[Stok_Akhir]] / tbl_inventory[[#This Row],[Rata2_Penjualan ]] -> 2.7083026 | K6: =IF(tbl_inventory[[#This Row],[Days_of_Inventory]] < 3, "Critical", IF(tbl_inventory[[#This Row],[Days_of_Inventory]] < 7, "Warning", "Safe")) -> Critical
A7: 45292 | B7: Depot Palembang | C7: Solar | D7: 11949 | E7: 3433 | F7: 3215 | G7: 4 | H7: =tbl_inventory[[#This Row],[Stok_Awal]] + tbl_inventory[[#This Row],[Stok_Masuk]] -tbl_inventory[[#This Row],[Stok_Keluar]] -> 12167 | I7: =AVERAGEIFS(Raw_Data!F:F, Raw_Data!C:C, tbl_inventory[[#This Row],[Produk]]) -> 4022.6456 | J7: =tbl_inventory[[#This Row],[Stok_Akhir]] / tbl_inventory[[#This Row],[Rata2_Penjualan ]] -> 3.0246264 | K7: =IF(tbl_inventory[[#This Row],[Days_of_Inventory]] < 3, "Critical", IF(tbl_inventory[[#This Row],[Days_of_Inventory]] < 7, "Warning", "Safe")) -> Warning
A8: 45293 | B8: Depot Lampung | C8: Pertalite | D8: 11420 | E8: 2184 | F8: 2459 | G8: 2 | H8: =tbl_inventory[[#This Row],[Stok_Awal]] + tbl_inventory[[#This Row],[Stok_Masuk]] -tbl_inventory[[#This Row],[Stok_Keluar]] -> 11145 | I8: =AVERAGEIFS(Raw_Data!F:F, Raw_Data!C:C, tbl_inventory[[#This Row],[Produk]]) -> 4006.4231 | J8: =tbl_inventory[[#This Row],[Stok_Akhir]] / tbl_inventory[[#This Row],[Rata2_Penjualan ]] -> 2.7817831 | K8: =IF(tbl_inventory[[#This Row],[Days_of_Inventory]] < 3, "Critical", IF(tbl_inventory[[#This Row],[Days_of_Inventory]] < 7, "Warning", "Safe")) -> Critical
A9: 45293 | B9: Depot Lampung | C9: Pertamax | D9: 11396 | E9: 1747 | F9: 4904 | G9: 1 | H9: =tbl_inventory[[#This Row],[Stok_Awal]] + tbl_inventory[[#This Row],[Stok_Masuk]] -tbl_inventory[[#This Row],[Stok_Keluar]] -> 8239 | I9: =AVERAGEIFS(Raw_Data!F:F, Raw_Data!C:C, tbl_inventory[[#This Row],[Produk]]) -> 3923.8599 | J9: =tbl_inventory[[#This Row],[Stok_Akhir]] / tbl_inventory[[#This Row],[Rata2_Penjualan ]] -> 2.0997182 | K9: =IF(tbl_inventory[[#This Row],[Days_of_Inventory]] < 3, "Critical", IF(tbl_inventory[[#This Row],[Days_of_Inventory]] < 7, "Warning", "Safe")) -> Critical
A10: 45293 | B10: Depot Lampung | C10: Solar | D10: 13666 | E10: 2082 | F10: 4558 | G10: 2 | H10: =tbl_inventory[[#This Row],[Stok_Awal]] + tbl_inventory[[#This Row],[Stok_Masuk]] -tbl_inventory[[#This Row],[Stok_Keluar]] -> 11190 | I10: =AVERAGEIFS(Raw_Data!F:F, Raw_Data!C:C, tbl_inventory[[#This Row],[Produk]]) -> 4022.6456 | J10: =tbl_inventory[[#This Row],[Stok_Akhir]] / tbl_inventory[[#This Row],[Rata2_Penjualan ]] -> 2.7817514 | K10: =IF(tbl_inventory[[#This Row],[Days_of_Inventory]] < 3, "Critical", IF(tbl_inventory[[#This Row],[Days_of_Inventory]] < 7, "Warning", "Safe")) -> Critical
A11: 45293 | B11: Depot Palembang | C11: Pertalite | D11: 7047 | E11: 4547 | F11: 4747 | G11: 4 | H11: =tbl_inventory[[#This Row],[Stok_Awal]] + tbl_inventory[[#This Row],[Stok_Masuk]] -tbl_inventory[[#This Row],[Stok_Keluar]] -> 6847 | I11: =AVERAGEIFS(Raw_Data!F:F, Raw_Data!C:C, tbl_inventory[[#This Row],[Produk]]) -> 4006.4231 | J11: =tbl_inventory[[#This Row],[Stok_Akhir]] / tbl_inventory[[#This Row],[Rata2_Penjualan ]] -> 1.7090057 | K11: =IF(tbl_inventory[[#This Row],[Days_of_Inventory]] < 3, "Critical", IF(tbl_inventory[[#This Row],[Days_of_Inventory]] < 7, "Warning", "Safe")) -> Critical
A12: 45293 | B12: Depot Palembang | C12: Pertamax | D12: 14998 | E12: 1189 | F12: 5005 | G12: 3 | H12: =tbl_inventory[[#This Row],[Stok_Awal]] + tbl_inventory[[#This Row],[Stok_Masuk]] -tbl_inventory[[#This Row],[Stok_Keluar]] -> 11182 | I12: =AVERAGEIFS(Raw_Data!F:F, Raw_Data!C:C, tbl_inventory[[#This Row],[Produk]]) -> 3923.8599 | J12: =tbl_inventory[[#This Row],[Stok_Akhir]] / tbl_inventory[[#This Row],[Rata2_Penjualan ]] -> 2.849745 | K12: =IF(tbl_inventory[[#This Row],[Days_of_Inventory]] < 3, "Critical", IF(tbl_inventory[[#This Row],[Days_of_Inventory]] < 7, "Warning", "Safe")) -> Critical
A13: 45293 | B13: Depot Palembang | C13: Solar | D13: 8005 | E13: 1562 | F13: 3899 | G13: 3 | H13: =tbl_inventory[[#This Row],[Stok_Awal]] + tbl_inventory[[#This Row],[Stok_Masuk]] -tbl_inventory[[#This Row],[Stok_Keluar]] -> 5668 | I13: =AVERAGEIFS(Raw_Data!F:F, Raw_Data!C:C, tbl_inventory[[#This Row],[Produk]]) -> 4022.6456 | J13: =tbl_inventory[[#This Row],[Stok_Akhir]] / tbl_inventory[[#This Row],[Rata2_Penjualan ]] -> 1.409023 | K13: =IF(tbl_inventory[[#This Row],[Days_of_Inventory]] < 3, "Critical", IF(tbl_inventory[[#This Row],[Days_of_Inventory]] < 7, "Warning", "Safe")) -> Critical
A14: 45294 | B14: Depot Lampung | C14: Pertalite | D14: 6267 | E14: 3879 | F14: 3528 | G14: 3 | H14: =tbl_inventory[[#This Row],[Stok_Awal]] + tbl_inventory[[#This Row],[Stok_Masuk]] -tbl_inventory[[#This Row],[Stok_Keluar]] -> 6618 | I14: =AVERAGEIFS(Raw_Data!F:F, Raw_Data!C:C, tbl_inventory[[#This Row],[Produk]]) -> 4006.4231 | J14: =tbl_inventory[[#This Row],[Stok_Akhir]] / tbl_inventory[[#This Row],[Rata2_Penjualan ]] -> 1.6518475 | K14: =IF(tbl_inventory[[#This Row],[Days_of_Inventory]] < 3, "Critical", IF(tbl_inventory[[#This Row],[Days_of_Inventory]] < 7, "Warning", "Safe")) -> Critical
... A1093: 45473 | B1093: Depot Palembang | C1093: Solar | D1093: 10242 | E1093: 1357 | F1093: 3551 | G1093: 2 | H1093: =tbl_inventory[[#This Row],[Stok_Awal]] + tbl_inventory[[#This Row],[Stok_Masuk]] -tbl_inventory[[#This Row],[Stok_Keluar]] -> 8048 | I1093: =AVERAGEIFS(Raw_Data!F:F, Raw_Data!C:C, tbl_inventory[[#This Row],[Produk]]) -> 4022.6456 | J1093: =tbl_inventory[[#This Row],[Stok_Akhir]] / tbl_inventory[[#This Row],[Rata2_Penjualan ]] -> 2.0006734 | K1093: =IF(tbl_inventory[[#This Row],[Days_of_Inventory]] < 3, "Critical", IF(tbl_inventory[[#This Row],[Days_of_Inventory]] < 7, "Warning", "Safe")) -> Critical

Sheet Pivot_KPI
A1: Gudang | B1: Depot Lampung
A2: Tanggal | B2: (All)
A4: Row Labels | B4: Average of Stok_Akhir | C4: Sum of Days_of_Inventory | D4: Count of Stock_Status
A5: Pertalite | B5: 8918.7857 | C5: 405.15417 | D5: 182
A6: Pertamax | B6: 8936.7802 | C6: 414.51378 | D6: 182
A7: Solar | B7: 8888.9835 | C7: 402.17189 | D7: 182
A8: Grand Total | B8: 8914.8498 | C8: 1221.8398 | D8: 546
